Insert into Performers (performerid, name) values (1, 'Кино');
Insert into Performers (performerid, name) values (2, 'Король и Шут');
Insert into Performers (performerid, name) values (3, 'Бутырка');
Insert into Performers (performerid, name) values (4, 'Руки Вверх');


--Кино
Insert into Albums (albumid, title, year) values (1, 'Ночь', '19860110');
Insert into Albums (albumid, title, year) values (2, 'Группа крови', '19880105');
Insert into Albums (albumid, title, year) values (3, 'Звезда по имени солнце', '19890829');

--Король и Шут
Insert into Albums (albumid, title, year) values (4, 'Камнем по голове', '19961003');
Insert into Albums (albumid, title, year) values (5, 'Король и Шут', '19971218');
Insert into Albums (albumid, title, year) values (6, 'Акустический альбом', '19990308');

--Бутырка
Insert into Albums (albumid, title, year) values (7, 'Первый альбом', '20020421');
Insert into Albums (albumid, title, year) values (8, 'Второй альбом', '20020905');
Insert into Albums (albumid, title, year) values (9, 'Весточка', '20040627');

--Руки Вверх
Insert into Albums (albumid, title, year) values (10, 'Дышите равномерно', '19970718');
Insert into Albums (albumid, title, year) values (11, 'Сделай погромче', '19980207');
Insert into Albums (albumid, title, year) values (12, 'Без тормозов', '19990815');


--Кино
Insert into Tracks (trackid, albumid, title, continuity) values (1, 1, 'Видели ночь', '00:03:09');
Insert into Tracks (trackid, albumid, title, continuity) values (2, 1, 'Фильмы', '00:04:54');
Insert into Tracks (trackid, albumid, title, continuity) values (3, 1, 'Твой номер', '00:03:29');
Insert into Tracks (trackid, albumid, title, continuity) values (4, 1, 'Танец', '00:04:33');
Insert into Tracks (trackid, albumid, title, continuity) values (5, 1, 'Ночь', '00:05:29');
Insert into Tracks (trackid, albumid, title, continuity) values (6, 1, 'Последний герой', '00:02:15');

--Кино
Insert into Tracks (trackid, albumid, title, continuity) values (7, 2, 'Группа крови', '00:04:47');
Insert into Tracks (trackid, albumid, title, continuity) values (8, 2, 'Закрой за мной дверь,я ухожу', '00:04:17');
Insert into Tracks (trackid, albumid, title, continuity) values (9, 2, 'Война', '00:04:05');
Insert into Tracks (trackid, albumid, title, continuity) values (10, 2, 'Спокойная ночь', '00:06:08');
Insert into Tracks (trackid, albumid, title, continuity) values (11, 2, 'Мама,мы все сошли с ума', '00:04:08');
Insert into Tracks (trackid, albumid, title, continuity) values (12, 2, 'В наших глазах', '00:03:34');

--Кино
Insert into Tracks (trackid, albumid, title, continuity) values (13, 3, 'Песня без слов', '00:05:07');
Insert into Tracks (trackid, albumid, title, continuity) values (14, 3, 'Звезда по имени Солнце', '00:03:46');
Insert into Tracks (trackid, albumid, title, continuity) values (15, 3, 'Невеселая песня', '00:04:18');
Insert into Tracks (trackid, albumid, title, continuity) values (16, 3, 'Сказка', '00:05:59');
Insert into Tracks (trackid, albumid, title, continuity) values (17, 3, 'Пачка сигарет', '00:04:29');
Insert into Tracks (trackid, albumid, title, continuity) values (18, 3, 'Печаль', '00:05:33');


--Король и Шут
Insert into Tracks (trackid, albumid, title, continuity) values (19, 4, 'Смельчак и ветер', '00:03:03');
Insert into Tracks (trackid, albumid, title, continuity) values (20, 4, 'Проказник скоморох', '00:01:52');
Insert into Tracks (trackid, albumid, title, continuity) values (21, 4, 'Верная жена', '00:02:37');
Insert into Tracks (trackid, albumid, title, continuity) values (22, 4, 'Садовник', '00:03:42');
Insert into Tracks (trackid, albumid, title, continuity) values (23, 4, 'Блуждают тени', '00:02:11');
Insert into Tracks (trackid, albumid, title, continuity) values (24, 4, 'Внезапная голова', '00:02:24');

--Король и Шут
Insert into Tracks (trackid, albumid, title, continuity) values (25, 5, 'Король и Шут', '00:02:42');
Insert into Tracks (trackid, albumid, title, continuity) values (26, 5, 'Два друга и разбойники', '00:02:15');
Insert into Tracks (trackid, albumid, title, continuity) values (27, 5, 'Сапоги мертвеца', '00:02:30');
Insert into Tracks (trackid, albumid, title, continuity) values (28, 5, 'Охотник', '00:02:36');
Insert into Tracks (trackid, albumid, title, continuity) values (29, 5, 'Паника в селе', '00:03:17');
Insert into Tracks (trackid, albumid, title, continuity) values (30, 5, 'Лесник', '00:03:12');

--Король и Шут
Insert into Tracks (trackid, albumid, title, continuity) values (31, 6, 'Кукла колдуна', '00:03:22');
Insert into Tracks (trackid, albumid, title, continuity) values (32, 6, 'Наблюдатель', '00:04:43');
Insert into Tracks (trackid, albumid, title, continuity) values (33, 6, 'Бедняжка', '00:04:08');
Insert into Tracks (trackid, albumid, title, continuity) values (34, 6, 'Прыгну со скалы', '00:03:11');
Insert into Tracks (trackid, albumid, title, continuity) values (35, 6, 'Девушка и Граф', '00:04:31');
Insert into Tracks (trackid, albumid, title, continuity) values (36, 6, 'Песня мушкетеров', '00:03:47');



--Бутырка
Insert into Tracks (trackid, albumid, title, continuity) values (37, 7, 'Тает снег', '00:03:03');
Insert into Tracks (trackid, albumid, title, continuity) values (38, 7, 'По этапу', '00:01:52');
Insert into Tracks (trackid, albumid, title, continuity) values (39, 7, 'Покатилась жизнь', '00:02:37');
Insert into Tracks (trackid, albumid, title, continuity) values (40, 7, 'Запах воска', '00:03:42');
Insert into Tracks (trackid, albumid, title, continuity) values (41, 7, 'Отсижу за чужие грехи', '00:02:11');
Insert into Tracks (trackid, albumid, title, continuity) values (42, 7, 'Дорожки', '00:02:24');

--Бутырка
Insert into Tracks (trackid, albumid, title, continuity) values (43, 8, 'Кольщик', '00:02:42');
Insert into Tracks (trackid, albumid, title, continuity) values (44, 8, 'А для вас я никто', '00:02:15');
Insert into Tracks (trackid, albumid, title, continuity) values (45, 8, 'Запахло весной', '00:02:30');
Insert into Tracks (trackid, albumid, title, continuity) values (46, 8, 'Баба Маша', '00:02:36');
Insert into Tracks (trackid, albumid, title, continuity) values (47, 8, 'Парад осени', '00:03:17');
Insert into Tracks (trackid, albumid, title, continuity) values (48, 8, 'Тебя ждут', '00:03:12');

--Бутырка
Insert into Tracks (trackid, albumid, title, continuity) values (49, 9, 'Не трогай осень', '00:03:22');
Insert into Tracks (trackid, albumid, title, continuity) values (50, 9, 'Весточка', '00:04:43');
Insert into Tracks (trackid, albumid, title, continuity) values (51, 9, 'Шарик', '00:04:08');
Insert into Tracks (trackid, albumid, title, continuity) values (52, 9, 'Метеорит', '00:03:11');
Insert into Tracks (trackid, albumid, title, continuity) values (53, 9, 'Последний рассвет', '00:04:31');
Insert into Tracks (trackid, albumid, title, continuity) values (54, 9, 'Грев', '00:03:47');



--Руки Вверх
Insert into Tracks (trackid, albumid, title, continuity) values (55, 10, 'Доброе утро', '00:03:09');
Insert into Tracks (trackid, albumid, title, continuity) values (56, 10, 'Малыш', '00:04:54');
Insert into Tracks (trackid, albumid, title, continuity) values (57, 10, 'Студент', '00:03:29');
Insert into Tracks (trackid, albumid, title, continuity) values (58, 10, 'История любви', '00:04:33');
Insert into Tracks (trackid, albumid, title, continuity) values (59, 10, 'Здравствуй', '00:05:29');
Insert into Tracks (trackid, albumid, title, continuity) values (60, 10, 'Бандито', '00:02:15');

--Руки Вверх
Insert into Tracks (trackid, albumid, title, continuity) values (61, 11, 'Крошка моя', '00:04:47');
Insert into Tracks (trackid, albumid, title, continuity) values (62, 11, 'Чужие губы', '00:04:17');
Insert into Tracks (trackid, albumid, title, continuity) values (63, 11, 'Лишь о тебе мечтая', '00:04:05');
Insert into Tracks (trackid, albumid, title, continuity) values (64, 11, 'Я тебя украду', '00:06:08');
Insert into Tracks (trackid, albumid, title, continuity) values (65, 11, 'Будьте здоровы', '00:04:08');
Insert into Tracks (trackid, albumid, title, continuity) values (66, 11, 'Девчонка', '00:03:34');

--Руки Вверх
Insert into Tracks (trackid, albumid, title, continuity) values (67, 12, 'Без любви', '00:05:07');
Insert into Tracks (trackid, albumid, title, continuity) values (68, 12, 'Пропадаешь зря', '00:03:46');
Insert into Tracks (trackid, albumid, title, continuity) values (69, 12, 'Ну,где же вы,девчонки', '00:04:18');
Insert into Tracks (trackid, albumid, title, continuity) values (70, 12, 'Атаман', '00:05:59');
Insert into Tracks (trackid, albumid, title, continuity) values (71, 12, 'Я не отдам тебя никому', '00:04:29');
Insert into Tracks (trackid, albumid, title, continuity) values (72, 12, 'Дома не сиди', '00:05:33');



Insert into TypesofMusic (genreid, title) values (1, 'rock');
Insert into Typesofmusic (genreid, title) values (2, 'punk rock');
Insert into Typesofmusic (genreid, title) values (3, 'chanson');
Insert into Typesofmusic (genreid, title) values (4, 'pop');



Insert into PerformersTypesofMusic (performerid, genreid) values (1, 1);
Insert into PerformersTypesofMusic (performerid, genreid) values (2, 2);
Insert into PerformersTypesofMusic (performerid, genreid) values (3, 3);
Insert into PerformersTypesofMusic (performerid, genreid) values (4, 4);



Insert into AlbumsPerformers (performerid, albumid) values (1, 1);
Insert into AlbumsPerformers (performerid, albumid) values (1, 2);
Insert into AlbumsPerformers (performerid, albumid) values (1, 3);
Insert into AlbumsPerformers (performerid, albumid) values (2, 4);
Insert into AlbumsPerformers (performerid, albumid) values (2, 5);
Insert into AlbumsPerformers (performerid, albumid) values (2, 6);
Insert into AlbumsPerformers (performerid, albumid) values (3, 7);
Insert into AlbumsPerformers (performerid, albumid) values (3, 8);
Insert into AlbumsPerformers (performerid, albumid) values (3, 9);
Insert into AlbumsPerformers (performerid, albumid) values (4, 10);
Insert into AlbumsPerformers (performerid, albumid) values (4, 11);
Insert into AlbumsPerformers (performerid, albumid) values (4, 12);



Insert into Collections(collectionid, title, year) values (1, 'Сборник лучших песен', '20200511');
Insert into Collections(collectionid, title, year) values (2, 'Лучшее', '20110822');
Insert into Collections(collectionid, title, year) values (3, 'Золотые хиты', '20150708');
Insert into Collections(collectionid, title, year) values (4, 'Любимые песни', '20221108');
Insert into Collections(collectionid, title, year) values (5, 'Солянка', '20241030');



Insert into CollectionsTracks (collectionid, trackid) values (1, 1);
Insert into CollectionsTracks (collectionid, trackid) values (1, 6);
Insert into CollectionsTracks (collectionid, trackid) values (1, 7);
Insert into CollectionsTracks (collectionid, trackid) values (1, 11);
Insert into CollectionsTracks (collectionid, trackid) values (1, 12);
Insert into CollectionsTracks (collectionid, trackid) values (1, 14);
Insert into CollectionsTracks (collectionid, trackid) values (1, 17);
Insert into CollectionsTracks (collectionid, trackid) values (1, 18);
Insert into CollectionsTracks (collectionid, trackid) values (2, 22);
Insert into CollectionsTracks (collectionid, trackid) values (2, 24);
Insert into CollectionsTracks (collectionid, trackid) values (2, 25);
Insert into CollectionsTracks (collectionid, trackid) values (2, 28);
Insert into CollectionsTracks (collectionid, trackid) values (2, 30);
Insert into CollectionsTracks (collectionid, trackid) values (2, 31);
Insert into CollectionsTracks (collectionid, trackid) values (2, 34);
Insert into CollectionsTracks (collectionid, trackid) values (3, 37);
Insert into CollectionsTracks (collectionid, trackid) values (3, 40);
Insert into CollectionsTracks (collectionid, trackid) values (3, 41);
Insert into CollectionsTracks (collectionid, trackid) values (3, 43);
Insert into CollectionsTracks (collectionid, trackid) values (3, 45);
Insert into CollectionsTracks (collectionid, trackid) values (3, 50);
Insert into CollectionsTracks (collectionid, trackid) values (3, 51);
Insert into CollectionsTracks (collectionid, trackid) values (4, 56);
Insert into CollectionsTracks (collectionid, trackid) values (4, 57);
Insert into CollectionsTracks (collectionid, trackid) values (4, 61);
Insert into CollectionsTracks (collectionid, trackid) values (4, 62);
Insert into CollectionsTracks (collectionid, trackid) values (4, 66);
Insert into CollectionsTracks (collectionid, trackid) values (4, 69);
Insert into CollectionsTracks (collectionid, trackid) values (4, 71);
Insert into CollectionsTracks (collectionid, trackid) values (5, 1);
Insert into CollectionsTracks (collectionid, trackid) values (5, 7);
Insert into CollectionsTracks (collectionid, trackid) values (5, 17);
Insert into CollectionsTracks (collectionid, trackid) values (5, 28);
Insert into CollectionsTracks (collectionid, trackid) values (5, 30);
Insert into CollectionsTracks (collectionid, trackid) values (5, 34);
Insert into CollectionsTracks (collectionid, trackid) values (5, 37);
Insert into CollectionsTracks (collectionid, trackid) values (5, 43);
Insert into CollectionsTracks (collectionid, trackid) values (5, 51);
Insert into CollectionsTracks (collectionid, trackid) values (5, 56);
Insert into CollectionsTracks (collectionid, trackid) values (5, 57);
Insert into CollectionsTracks (collectionid, trackid) values (5, 61);